query,params,expected
deces,,5de8f397634f4164071119c5
décès,,5de8f397634f4164071119c5
Décès,,5de8f397634f4164071119c5
Fichier des personnes décédées,,5de8f397634f4164071119c5
Deces,,5de8f397634f4164071119c5
covid,,5de8f397634f4164071119c5
DECES,,5de8f397634f4164071119c5
fichiers des personnes decedees,,5de8f397634f4164071119c5
insee,,5de8f397634f4164071119c5
dvf,,5c4ae55a634f4117716d5656
immobilier,,5c4ae55a634f4117716d5656
foncier,,5c4ae55a634f4117716d5656
valeurs foncieres,,5c4ae55a634f4117716d5656
covid,,6010206e7aa742eb447930f7
vaccination,,6010206e7aa742eb447930f7
Vaccination,,6010206e7aa742eb447930f7
vaccination covid,,6010206e7aa742eb447930f7
Covid,,6010206e7aa742eb447930f7
covid,,5e7e104ace2080d9162b61d8
covid-19,,5e7e104ace2080d9162b61d8
Covid,,5e7e104ace2080d9162b61d8
covid hospitalisations,,5e7e104ace2080d9162b61d8
siren,,5b7ffc618b4c4169d30727e0
sirene,,5b7ffc618b4c4169d30727e0
siret,,5b7ffc618b4c4169d30727e0
entreprise,,5b7ffc618b4c4169d30727e0
entreprises,,5b7ffc618b4c4169d30727e0
SIRET,,5b7ffc618b4c4169d30727e0
insee,,5b7ffc618b4c4169d30727e0
SIREN,,5b7ffc618b4c4169d30727e0
Sirene,,5b7ffc618b4c4169d30727e0
rna,,58e53811c751df03df38f42d
RNA,,58e53811c751df03df38f42d
association,,58e53811c751df03df38f42d
associations,,58e53811c751df03df38f42d
Association,,58e53811c751df03df38f42d
Rna,,58e53811c751df03df38f42d
ASSOCIATION,,58e53811c751df03df38f42d
Associations,,58e53811c751df03df38f42d
numero rna,,58e53811c751df03df38f42d
association loi 1901,,58e53811c751df03df38f42d
numéro RNA,,58e53811c751df03df38f42d
répertoire national des associations,,58e53811c751df03df38f42d
organisme de formation,,582c8978c751df788ec0bb7e
formation,,582c8978c751df788ec0bb7e
organismes de formation,,582c8978c751df788ec0bb7e
incidence covid,,5ed1175ca00bbe1e4941a46a
calendrier scolaire,,5889d03ea3a72974cbf0d5b0
Calendrier scolaire,,5889d03ea3a72974cbf0d5b0
iCal,,5889d03ea3a72974cbf0d5b0
Vacances scolaires,,5889d03ea3a72974cbf0d5b0
vacances scolaires,,5889d03ea3a72974cbf0d5b0
covid,,60007bfb10632c47538583d8
GID,,60007bfb10632c47538583d8
marseille,,5cebfa8306e3e77ffdb31ef5
covid,,60190d00a7273a8100dd4d38
covid,,5ed117db6c161bd5baf070be
covid tests,,5ed117db6c161bd5baf070be
sidep,,5ed117db6c161bd5baf070be
zrr,,5943d13588ee38742a95eb0c
permis de construire,,5a5f4f6c88ee387da4d252a3
sitadel,,5a5f4f6c88ee387da4d252a3
codes postaux,,545b55e1c751df52de9b6045
code postal,,545b55e1c751df52de9b6045
code postaux,,545b55e1c751df52de9b6045
csv,,545b55e1c751df52de9b6045
Codes Postaux,,545b55e1c751df52de9b6045
dvf,,5cc1b94a634f4165e96436c1
DVF,,5cc1b94a634f4165e96436c1
prix terrain,,5cc1b94a634f4165e96436c1
Prix terrain,,5cc1b94a634f4165e96436c1
etalab,,5cc1b94a634f4165e96436c1
valeurs foncières,,5cc1b94a634f4165e96436c1
communes,,53699233a3a729239d203e69
limites communales,,53699233a3a729239d203e69
commune,,53699233a3a729239d203e69
contour commune,,53699233a3a729239d203e69
découpage communal,,53699233a3a729239d203e69
Communes,,53699233a3a729239d203e69
geofla departement 2015,,53699233a3a729239d203e69
marseille,,53699233a3a729239d203e69
cadastre,,59b0020ec751df07d5f13bcf
Cadastre,,59b0020ec751df07d5f13bcf
CADASTRE,,59b0020ec751df07d5f13bcf
entreprise rge,,600966dac71dd5e4f7bcbf5c
ROME,,58da857388ee384902e505f5
rome,,58da857388ee384902e505f5
accident,,53698f4ca3a729239d2036df
accidents,,53698f4ca3a729239d2036df
sécurité routière,,53698f4ca3a729239d2036df
baac,,53698f4ca3a729239d2036df
département,,5726ef67c751df48e1fcca0d
consommation énergie,,5726ef67c751df48e1fcca0d
cadastre,,58e5924b88ee3802ca255566
covid,,5f69ecb155c43420918410b8
adresse,,5530fbacc751df5ff937dddb
adresses,,5530fbacc751df5ff937dddb
ban,,5530fbacc751df5ff937dddb
RPG,,58d8d8a0c751df17537c66be
rpg,,58d8d8a0c751df17537c66be
population,,53699d0ea3a729239d205b2e
recensement,,53699d0ea3a729239d205b2e
Ciqual,,5369a15fa3a729239d2065b7
ciqual,,5369a15fa3a729239d2065b7
Table ciqual,,5369a15fa3a729239d2065b7
table ciqual,,5369a15fa3a729239d2065b7
Arcep,,58c98b1888ee38770950152b
arcep,,58c98b1888ee38770950152b
pole emploi,,561fa564c751df4f2acdbb48
finess,,53699569a3a729239d2046eb
extraction finess,,53699569a3a729239d2046eb
Extraction FINESS,,53699569a3a729239d2046eb
Extraction finess,,53699569a3a729239d2046eb
FINESS,,53699569a3a729239d2046eb
Finess,,53699569a3a729239d2046eb
Guadeloupe,,53699569a3a729239d2046eb
EXTRACTION FINESS,,53699569a3a729239d2046eb
extraction FINESS,,53699569a3a729239d2046eb
guadeloupe,,53699569a3a729239d2046eb
pvd,,5fc1259b703620ed60a49d97
Mariage,,5c9a52458b4c4175d54c24c8
maire,,5c34c4d1634f4173183a64f1
rne,,5c34c4d1634f4173183a64f1
maires,,5c34c4d1634f4173183a64f1
Prix terrain,,54cb4f89c751df0c24467389
corine land cover,,5863714388ee3863df3f4e5d
icpe,,5d8da992634f414b1c98117b
ICPE,,5d8da992634f414b1c98117b
seveso,,5d8da992634f414b1c98117b
fantoir,,53699580a3a729239d204738
département loire atlantique,,536991b0a3a729239d203d13
Quels sont les partenaires du dispositif e-Pass Jeunes de la Région Sud,,5ce8864e9ce2e749b70dbf2b
Naissance,,5c9a50b48b4c417241056daf
jours fériés,,5b3cc551c751df4822526c1c
police,,5369986ba3a729239d204f55
mairies,,53699fe4a3a729239d206227
mairie,,53699fe4a3a729239d206227
json,,53699fe4a3a729239d206227
arcep,,547d8d7ac751df405d090fcb
fibre,,547d8d7ac751df405d090fcb
region,,536991b2a3a729239d203d1a
régions,,536991b2a3a729239d203d1a
région,,536991b2a3a729239d203d1a
regions,,536991b2a3a729239d203d1a
prenom,,5bf42c958b4c4144b0110ce8
prénom,,5bf42c958b4c4144b0110ce8
prénoms France,,5bf42c958b4c4144b0110ce8
prénoms,,5bf42c958b4c4144b0110ce8
prenoms,,5bf42c958b4c4144b0110ce8
prénoms france,,5bf42c958b4c4144b0110ce8
prénom France,,5bf42c958b4c4144b0110ce8
véhicule co2,,53ba4c07a3a729219b7bead3
vehicule co2,,53ba4c07a3a729219b7bead3
véhicule CO2,,53ba4c07a3a729219b7bead3
co2,,53ba4c07a3a729219b7bead3
véhicule,,53ba4c07a3a729219b7bead3
véhicules co2,,53ba4c07a3a729219b7bead3
pollution,,53ba4c07a3a729219b7bead3
CO2,,53ba4c07a3a729219b7bead3
vehicule,,53ba4c07a3a729219b7bead3
vehicule CO2,,53ba4c07a3a729219b7bead3
véhicule Co2,,53ba4c07a3a729219b7bead3
Fichier consolidé des Bornes de Recharge pour Véhicules Électriques,,5448d3e0c751df01f85d0572
Fichier consolidé des Bornes de Recharge pour Véhicules Electriques [IRVE],,5448d3e0c751df01f85d0572
IRVE,,5448d3e0c751df01f85d0572
irve,,5448d3e0c751df01f85d0572
irve consolidation,,5448d3e0c751df01f85d0572
fichier,,5448d3e0c751df01f85d0572
Fichier consolidé des Bornes de Recharge pour Véhicules Electriques,,5448d3e0c751df01f85d0572
Fichier consolidé des Bornes de Recharge pour Véhicules Électriques”,,5448d3e0c751df01f85d0572
Opérations coordonnées par les CROSS,,5b320fa7c751df1d7a4febae
cross,,5b320fa7c751df1d7a4febae
CROSS,,5b320fa7c751df1d7a4febae
opérations coordonnées par les CROSS,,5b320fa7c751df1d7a4febae
operation cross,,5b320fa7c751df1d7a4febae
monuments historiques,,536c47bfa3a72933d8d1b3a6
dpo,,5c926a7a634f410578005c68
carburant,,54101458a3a72937cb2c703c
carburants,,54101458a3a72937cb2c703c
prix carburants,,54101458a3a72937cb2c703c
temps de parole des hommes et des femmes à la télévision et à la radio,,5c6adbae634f4114a5c41776
