query,params,expected
Base de données publique des médicaments,,53698f50a3a729239d2036f5
BDM,,53698f50a3a729239d2036f5
BdM,,53698f50a3a729239d2036f5
BDPM,,53698f50a3a729239d2036f5
Autorités BnF,,53699211a3a729239d203e0e
Autorité BnF,,53699211a3a729239d203e0e
Bnf autorités,,53699211a3a729239d203e0e
data.bnf.fr,,53699211a3a729239d203e0e
Entrepôt d’indicateurs et de données sur l'environnement,,5369945ba3a729239d204413
EIDER,,5369945ba3a729239d204413
Fichier national des établissements sanitaires et sociaux,,53699569a3a729239d2046eb
FINESS,,53699569a3a729239d2046eb
répertoire FINESS,,53699569a3a729239d2046eb
FANTOIR,,53699580a3a729239d204738
Fichier ANnuaire TOpographique Initialisé Réduit,,53699580a3a729239d204738
Répertoire Informatisé des VOies et LIeux-dits,,53699580a3a729239d204738
RIVOLI,,53699580a3a729239d204738
Open Food Facts,,53699e2aa3a729239d205dea
OFF,,53699e2aa3a729239d205dea
OpenFoodFacts,,53699e2aa3a729239d205dea
openfoodfacts.org,,53699e2aa3a729239d205dea
Table de composition nutritionnelle des aliments Ciqual,,5369a15fa3a729239d2065b7
base de données CIQUAL,,5369a15fa3a729239d2065b7
Ciqual,,5369a15fa3a729239d2065b7
Table Ciqual,,5369a15fa3a729239d2065b7
Base Adresse Nationale,,5530fbacc751df5ff937dddb
BAN,,5530fbacc751df5ff937dddb
base adresse nationale,,5530fbacc751df5ff937dddb
Transparence-Santé,,5710b9f088ee383cf54d8898
Transparence Santé,,5710b9f088ee383cf54d8898
Fichier des prénoms,,586a824588ee3835ec3f4e61
base Mérimée,,5890bf73a3a72974c1f0dc84
Mérimée,,5890bf73a3a72974c1f0dc84
Code officiel géographique,,58c984b088ee386cdb1261f3
COG,,58c984b088ee386cdb1261f3
Registre parcellaire graphique,,58d8d8a0c751df17537c66be
RPG,,58d8d8a0c751df17537c66be
Répertoire opérationnel des métiers et des emplois,,58da857388ee384902e505f5
Code ROME,,58da857388ee384902e505f5
Repertoire operationnel des metiers et des emplois,,58da857388ee384902e505f5
Répertoire Opérationnel des Métiers et des Emplois,,58da857388ee384902e505f5
ROME,,58da857388ee384902e505f5
Rome (répertoire),,58da857388ee384902e505f5
Répertoire national des associations,,58e53811c751df03df38f42d
RNA,,58e53811c751df03df38f42d
Répertoire National des Associations,,58e53811c751df03df38f42d
Référentiel à grande échelle,,58e5842688ee386c65805755
RGE,,58e5842688ee386c65805755
référentiel géographique à grande échelle,,58e5842688ee386c65805755
Open Beauty Facts,,5985d205c751df6d505e7e86
Répertoire des logements locatifs des bailleurs sociaux,,5a1dd4e5c751df02b116a0d6
RPLS,,5a1dd4e5c751df02b116a0d6
Compte général de l'État,,5b08106e88ee383d19158fb6
Joconde,,5b448216a3a729752eb11d6f
Base Joconde,,5b448216a3a729752eb11d6f
base Joconde,,5b448216a3a729752eb11d6f
catalogue Joconde,,5b448216a3a729752eb11d6f
système national d'identification et du répertoire des entreprises et de leurs établissements,,5b7ffc618b4c4169d30727e0
base SIRENE,,5b7ffc618b4c4169d30727e0
SIRENE,,5b7ffc618b4c4169d30727e0
Système informatisé du répertoire national des entreprises et des établissements,,5b7ffc618b4c4169d30727e0
Musée d'art et d'histoire de Saint-Brieuc - historique des expositions,,5bae279c8b4c410765b5eb4e
Fichier des prénoms,,5bf42c958b4c4144b0110ce8
Répertoire national des élus,,5c34c4d1634f4173183a64f1
RNE,,5c34c4d1634f4173183a64f1
Demande de valeurs foncières,,5c4ae55a634f4117716d5656
base DVF,,5c4ae55a634f4117716d5656
DVF,,5c4ae55a634f4117716d5656
fichier des personnes décédées,,5de8f397634f4164071119c5
Fichier des décès,,5de8f397634f4164071119c5
FPD,,5de8f397634f4164071119c5
INSEE Décès,,5de8f397634f4164071119c5
matchID - Fichier des décès,,5de8f397634f4164071119c5
Base nationale sur l'intercommunalité,,5e1f20058b4c414d3f94460d
BANATIC,,5e1f20058b4c414d3f94460d
Agribalyse,,5f71f6b9f23df7fcd508af57
