query,expected
siren,5862206588ee38254d3f4e5e
siret,5862206588ee38254d3f4e5e
open damir,54de1e8fc751df388646738b
opendamir,54de1e8fc751df388646738b
damir,54de1e8fc751df388646738b
contours départements,536991b0a3a729239d203d13
emissions polluantes,53ba4c07a3a729219b7bead3
géofla départements,536995f5a3a729239d20487f
effectifs police municipale,5369986ba3a729239d204f55
marchés public bourgogne,5a0effeac751df5832ded865
Liste gares SNCF,59593619a3a7291dd09c8238
contours départements français,536991b0a3a729239d203d13
loi de finance 2016,5625fba688ee3820e912613c
formations pas de calais,53699058a3a729239d2039a3
accidents de la circulation,536997eaa3a729239d204dfd
risque de décès un an après accident,5630f53b88ee385064531578
